ACC,MIhat,Purity,P,R,F,RI,omega,lambda,r,p,time,iter
0.7975,0.8863,0.8175,0.7147,0.7417,0.7279,0.7215,0.01000,0.0079,3.0,1.0,1.67,14,bw 
0.7975,0.8863,0.8175,0.7147,0.7417,0.7279,0.7215,0.01000,0.0079,3.0,0.9,2.13,15,bw 
0.8050,0.8906,0.8250,0.7282,0.7544,0.7411,0.7350,0.01000,0.0079,3.0,0.8,1.52,14,bw 
0.8050,0.8906,0.8250,0.7282,0.7544,0.7411,0.7350,0.01000,0.0079,3.0,0.7,1.78,13,bw 
0.8050,0.8907,0.8250,0.7287,0.7550,0.7416,0.7355,0.01000,0.0079,3.0,0.6,1.43,13,bw 
0.8075,0.8933,0.8275,0.7356,0.7589,0.7471,0.7411,0.01000,0.0079,3.0,0.5,1.53,12,bw 
0.8075,0.8917,0.8300,0.7314,0.7578,0.7443,0.7383,0.01000,0.0079,3.0,0.4,2.38,13,bw 
0.8075,0.8806,0.8225,0.7107,0.7467,0.7283,0.7218,0.01000,0.0079,3.0,0.3,1.18,10,bw 
0.7725,0.8708,0.7925,0.6833,0.7217,0.7020,0.6949,0.01000,0.0079,3.0,0.2,1.74,11,bw 
0.8075,0.8817,0.8150,0.7059,0.7389,0.7220,0.7155,0.01000,0.0079,3.0,0.1,2.38,15,bw 
0.7975,0.8876,0.8200,0.7143,0.7444,0.7291,0.7227,0.01000,0.0100,3.0,1.0,1.79,13,bw 
0.7975,0.8863,0.8175,0.7147,0.7417,0.7279,0.7215,0.01000,0.0100,3.0,0.9,1.62,14,bw 
0.7975,0.8863,0.8175,0.7147,0.7417,0.7279,0.7215,0.01000,0.0100,3.0,0.8,2.31,13,bw 
0.8050,0.8906,0.8250,0.7282,0.7544,0.7411,0.7350,0.01000,0.0100,3.0,0.7,1.55,12,bw 
0.8050,0.8907,0.8275,0.7281,0.7556,0.7415,0.7355,0.01000,0.0100,3.0,0.6,2.14,12,bw 
0.8050,0.8908,0.8275,0.7286,0.7561,0.7421,0.7360,0.01000,0.0100,3.0,0.5,1.66,12,bw 
0.8225,0.8931,0.8350,0.7353,0.7622,0.7485,0.7426,0.01000,0.0100,3.0,0.4,1.40,12,bw 
0.8050,0.8872,0.8250,0.7224,0.7517,0.7367,0.7305,0.01000,0.0100,3.0,0.3,3.26,11,bw 
0.8125,0.8853,0.8250,0.7191,0.7539,0.7361,0.7299,0.01000,0.0100,3.0,0.2,2.61,10,bw 
0.7950,0.8783,0.8100,0.7007,0.7389,0.7193,0.7127,0.01000,0.0100,3.0,0.1,2.90,11,bw 
0.8025,0.8915,0.8225,0.7216,0.7544,0.7376,0.7315,0.01000,0.1000,3.0,1.0,5.72,44,bw 
0.8050,0.8925,0.8250,0.7266,0.7561,0.7411,0.7350,0.01000,0.1000,3.0,0.9,5.90,41,bw 
0.8050,0.8925,0.8250,0.7266,0.7561,0.7411,0.7350,0.01000,0.1000,3.0,0.8,4.45,35,bw 
0.8050,0.8916,0.8275,0.7215,0.7572,0.7390,0.7328,0.01000,0.1000,3.0,0.7,3.09,24,bw 
0.8050,0.8839,0.8200,0.7091,0.7433,0.7258,0.7193,0.01000,0.1000,3.0,0.6,4.58,36,bw 
0.8000,0.8854,0.8200,0.7109,0.7433,0.7268,0.7203,0.01000,0.1000,3.0,0.5,1.99,17,bw 
0.8025,0.8902,0.8225,0.7215,0.7511,0.7360,0.7298,0.01000,0.1000,3.0,0.4,1.85,15,bw 
0.7975,0.8863,0.8175,0.7147,0.7417,0.7279,0.7215,0.01000,0.1000,3.0,0.3,1.86,15,bw 
0.7950,0.8872,0.8200,0.7147,0.7433,0.7288,0.7224,0.01000,0.1000,3.0,0.2,3.17,16,bw 
0.8175,0.8935,0.8350,0.7339,0.7617,0.7475,0.7416,0.01000,0.1000,3.0,0.1,1.54,11,bw 
0.8175,0.9006,0.8400,0.7448,0.7783,0.7612,0.7556,0.01000,1.0000,3.0,1.0,8.04,69,bw 
0.8125,0.8977,0.8325,0.7317,0.7667,0.7488,0.7428,0.01000,1.0000,3.0,0.9,7.26,67,bw 
0.8000,0.8889,0.8225,0.7233,0.7478,0.7353,0.7291,0.01000,1.0000,3.0,0.8,6.54,62,bw 
0.8025,0.8915,0.8225,0.7216,0.7544,0.7376,0.7315,0.01000,1.0000,3.0,0.7,6.87,62,bw 
0.8075,0.8946,0.8300,0.7371,0.7617,0.7492,0.7433,0.01000,1.0000,3.0,0.6,6.32,60,bw 
0.8100,0.8970,0.8325,0.7431,0.7667,0.7547,0.7490,0.01000,1.0000,3.0,0.5,6.55,58,bw 
0.8050,0.8925,0.8250,0.7266,0.7561,0.7411,0.7350,0.01000,1.0000,3.0,0.4,6.71,56,bw 
0.8050,0.8925,0.8275,0.7265,0.7572,0.7416,0.7355,0.01000,1.0000,3.0,0.3,6.46,54,bw 
0.7975,0.8877,0.8225,0.7147,0.7472,0.7306,0.7242,0.01000,1.0000,3.0,0.2,1.73,15,bw 
0.8025,0.8815,0.8175,0.7032,0.7383,0.7203,0.7137,0.01000,1.0000,3.0,0.1,1.54,13,bw 
0.8200,0.8939,0.8325,0.7225,0.7839,0.7519,0.7460,0.01000,5.0000,3.0,1.0,11.23,101,bw 
0.7250,0.8525,0.7425,0.6259,0.7072,0.6641,0.6558,0.01000,5.0000,3.0,0.9,11.94,97,bw 
0.7800,0.8854,0.8050,0.6830,0.7839,0.7300,0.7233,0.01000,5.0000,3.0,0.8,11.93,89,bw 
0.7575,0.8654,0.7725,0.6495,0.7433,0.6933,0.6857,0.01000,5.0000,3.0,0.7,21.84,85,bw 
0.8550,0.9219,0.8725,0.7736,0.8256,0.7987,0.7939,0.01000,5.0000,3.0,0.6,10.13,84,bw 
0.8250,0.9074,0.8475,0.7591,0.7911,0.7748,0.7694,0.01000,5.0000,3.0,0.5,8.68,80,bw 
0.8050,0.8908,0.8250,0.7202,0.7550,0.7372,0.7310,0.01000,5.0000,3.0,0.4,7.88,74,bw 
0.8050,0.8925,0.8250,0.7266,0.7561,0.7411,0.7350,0.01000,5.0000,3.0,0.3,2.18,19,bw 
0.8000,0.8913,0.8225,0.7223,0.7500,0.7359,0.7297,0.01000,5.0000,3.0,0.2,1.69,13,bw 
0.8025,0.8915,0.8225,0.7216,0.7544,0.7376,0.7315,0.01000,5.0000,3.0,0.1,3.56,30,bw 
0.9800,0.9898,0.9800,0.9648,0.9733,0.9690,0.9683,0.01000,10.0000,3.0,1.0,11.53,109,bw 
0.8525,0.9112,0.8675,0.7863,0.7994,0.7928,0.7880,0.01000,10.0000,3.0,0.9,11.43,108,bw 
0.9350,0.9683,0.9450,0.9062,0.9228,0.9144,0.9124,0.01000,10.0000,3.0,0.8,11.18,104,bw 
0.7875,0.8821,0.7900,0.6659,0.7983,0.7261,0.7192,0.01000,10.0000,3.0,0.7,10.53,101,bw 
0.8325,0.9002,0.8400,0.7446,0.8017,0.7721,0.7666,0.01000,10.0000,3.0,0.6,9.60,89,bw 
0.7650,0.8735,0.7875,0.6746,0.7383,0.7050,0.6979,0.01000,10.0000,3.0,0.5,10.07,89,bw 
0.8000,0.8910,0.8225,0.7209,0.7533,0.7368,0.7305,0.01000,10.0000,3.0,0.4,4.78,30,bw 
0.8250,0.9057,0.8425,0.7557,0.7872,0.7712,0.7658,0.01000,10.0000,3.0,0.3,9.99,79,bw 
0.8125,0.8976,0.8350,0.7437,0.7689,0.7561,0.7504,0.01000,10.0000,3.0,0.2,8.04,78,bw 
0.8050,0.8925,0.8250,0.7266,0.7561,0.7411,0.7350,0.01000,10.0000,3.0,0.1,2.44,19,bw 
0.7875,0.8761,0.7950,0.6514,0.7100,0.6794,0.6717,0.01000,50.0000,3.0,1.0,15.52,128,bw 
0.7625,0.8723,0.7650,0.6225,0.7439,0.6778,0.6697,0.01000,50.0000,3.0,0.9,18.34,126,bw 
0.8050,0.8958,0.8275,0.6978,0.7544,0.7250,0.7184,0.01000,50.0000,3.0,0.8,16.02,123,bw 
1.0000,1.0000,1.0000,1.0000,1.0000,1.0000,1.0000,0.01000,50.0000,3.0,0.7,15.84,122,bw 
0.9950,0.9955,0.9950,0.9895,0.9900,0.9897,0.9895,0.01000,50.0000,3.0,0.6,15.45,119,bw 
1.0000,1.0000,1.0000,1.0000,1.0000,1.0000,1.0000,0.01000,50.0000,3.0,0.5,15.44,116,bw 
1.0000,1.0000,1.0000,1.0000,1.0000,1.0000,1.0000,0.01000,50.0000,3.0,0.4,13.89,115,bw 
0.9500,0.9812,0.9500,0.9000,1.0000,0.9474,0.9461,0.01000,50.0000,3.0,0.3,13.31,108,bw 
0.8175,0.9028,0.8400,0.7457,0.8017,0.7727,0.7673,0.01000,50.0000,3.0,0.2,12.36,100,bw 
0.7500,0.8670,0.7725,0.6450,0.7500,0.6936,0.6859,0.01000,50.0000,3.0,0.1,11.59,95,bw 
0.6725,0.8297,0.6800,0.5185,0.7483,0.6126,0.6019,0.01000,100.0000,3.0,1.0,17.09,137,bw 
0.7100,0.8458,0.7175,0.5617,0.7178,0.6302,0.6206,0.01000,100.0000,3.0,0.9,17.08,134,bw 
0.6800,0.8350,0.6850,0.5461,0.6544,0.5954,0.5852,0.01000,100.0000,3.0,0.8,16.50,131,bw 
0.7700,0.8773,0.7775,0.6377,0.7717,0.6983,0.6907,0.01000,100.0000,3.0,0.7,16.57,129,bw 
0.8475,0.9185,0.8525,0.7548,0.8278,0.7896,0.7845,0.01000,100.0000,3.0,0.6,15.28,127,bw 
1.0000,1.0000,1.0000,1.0000,1.0000,1.0000,1.0000,0.01000,100.0000,3.0,0.5,15.68,124,bw 
1.0000,1.0000,1.0000,1.0000,1.0000,1.0000,1.0000,0.01000,100.0000,3.0,0.4,15.32,122,bw 
1.0000,1.0000,1.0000,1.0000,1.0000,1.0000,1.0000,0.01000,100.0000,3.0,0.3,15.91,119,bw 
1.0000,1.0000,1.0000,1.0000,1.0000,1.0000,1.0000,0.01000,100.0000,3.0,0.2,15.04,115,bw 
0.7950,0.8938,0.8150,0.6994,0.8039,0.7480,0.7418,0.01000,100.0000,3.0,0.1,15.67,111,bw 
0.8100,0.8951,0.8300,0.7382,0.7628,0.7503,0.7444,0.01000,0.0079,4.0,1.0,2.77,18,bw 
0.8025,0.8901,0.8225,0.7211,0.7511,0.7358,0.7296,0.01000,0.0079,4.0,0.9,2.09,15,bw 
0.8025,0.8871,0.8225,0.7205,0.7489,0.7344,0.7282,0.01000,0.0079,4.0,0.8,2.17,14,bw 
0.8050,0.8914,0.8275,0.7295,0.7567,0.7428,0.7368,0.01000,0.0079,4.0,0.7,2.22,13,bw 
0.8050,0.8909,0.8275,0.7290,0.7561,0.7423,0.7362,0.01000,0.0079,4.0,0.6,1.73,14,bw 
0.8150,0.8900,0.8325,0.7263,0.7561,0.7409,0.7348,0.01000,0.0079,4.0,0.5,1.86,12,bw 
0.8050,0.8894,0.8275,0.7254,0.7528,0.7388,0.7327,0.01000,0.0079,4.0,0.4,1.59,13,bw 
0.8000,0.8880,0.8125,0.7154,0.7389,0.7270,0.7206,0.01000,0.0079,4.0,0.3,1.96,15,bw 
0.8075,0.8843,0.8225,0.7156,0.7450,0.7300,0.7236,0.01000,0.0079,4.0,0.2,1.67,12,bw 
0.8200,0.8886,0.8325,0.7261,0.7556,0.7405,0.7344,0.01000,0.0079,4.0,0.1,4.04,12,bw 
0.8100,0.8972,0.8350,0.7371,0.7694,0.7529,0.7471,0.01000,0.0100,4.0,1.0,3.05,15,bw 
0.8100,0.8951,0.8300,0.7382,0.7628,0.7503,0.7444,0.01000,0.0100,4.0,0.9,3.35,15,bw 
0.7975,0.8908,0.8225,0.7224,0.7489,0.7354,0.7292,0.01000,0.0100,4.0,0.8,3.33,14,bw 
0.8025,0.8890,0.8250,0.7235,0.7517,0.7373,0.7311,0.01000,0.0100,4.0,0.7,2.43,13,bw 
0.7950,0.8861,0.8175,0.7086,0.7417,0.7248,0.7183,0.01000,0.0100,4.0,0.6,2.74,14,bw 
0.8025,0.8888,0.8250,0.7240,0.7533,0.7384,0.7322,0.01000,0.0100,4.0,0.5,2.17,11,bw 
0.8100,0.8818,0.8225,0.7116,0.7483,0.7295,0.7231,0.01000,0.0100,4.0,0.4,2.70,13,bw 
0.8050,0.8894,0.8275,0.7254,0.7528,0.7388,0.7327,0.01000,0.0100,4.0,0.3,2.17,13,bw 
0.7900,0.8817,0.8050,0.6993,0.7272,0.7130,0.7062,0.01000,0.0100,4.0,0.2,2.68,15,bw 
0.8025,0.8865,0.8225,0.7221,0.7450,0.7334,0.7271,0.01000,0.0100,4.0,0.1,2.16,11,bw 
0.8100,0.8970,0.8325,0.7431,0.7667,0.7547,0.7490,0.01000,0.1000,4.0,1.0,7.73,43,bw 
0.8075,0.8935,0.8300,0.7358,0.7611,0.7482,0.7423,0.01000,0.1000,4.0,0.9,6.97,41,bw 
0.8075,0.8935,0.8300,0.7358,0.7611,0.7482,0.7423,0.01000,0.1000,4.0,0.8,6.77,38,bw 
0.8150,0.8989,0.8375,0.7437,0.7739,0.7585,0.7528,0.01000,0.1000,4.0,0.7,2.81,17,bw 
0.8150,0.8884,0.8275,0.7207,0.7539,0.7369,0.7307,0.01000,0.1000,4.0,0.6,5.86,35,bw 
0.8125,0.8913,0.8275,0.7274,0.7589,0.7428,0.7367,0.01000,0.1000,4.0,0.5,3.20,20,bw 
0.8125,0.8992,0.8375,0.7411,0.7744,0.7574,0.7517,0.01000,0.1000,4.0,0.4,5.20,32,bw 
0.8125,0.8989,0.8375,0.7412,0.7733,0.7569,0.7512,0.01000,0.1000,4.0,0.3,3.15,14,bw 
0.8050,0.8907,0.8275,0.7276,0.7539,0.7405,0.7344,0.01000,0.1000,4.0,0.2,2.52,14,bw 
0.8050,0.8887,0.8275,0.7237,0.7539,0.7385,0.7323,0.01000,0.1000,4.0,0.1,2.77,18,bw 
0.9000,0.9515,0.9100,0.8466,0.8894,0.8675,0.8644,0.01000,1.0000,4.0,1.0,12.01,76,bw 
0.9375,0.9598,0.9400,0.8766,0.9117,0.8938,0.8913,0.01000,1.0000,4.0,0.9,12.05,70,bw 
0.8850,0.9313,0.8925,0.8145,0.8467,0.8303,0.8263,0.01000,1.0000,4.0,0.8,11.38,68,bw 
0.8600,0.9248,0.8675,0.7924,0.8272,0.8095,0.8050,0.01000,1.0000,4.0,0.7,9.23,67,bw 
0.8225,0.9041,0.8375,0.7547,0.7778,0.7661,0.7606,0.01000,1.0000,4.0,0.6,8.54,62,bw 
0.8150,0.8992,0.8350,0.7454,0.7711,0.7581,0.7524,0.01000,1.0000,4.0,0.5,7.32,60,bw 
0.8175,0.9001,0.8350,0.7487,0.7744,0.7613,0.7557,0.01000,1.0000,4.0,0.4,7.12,57,bw 
0.8100,0.8971,0.8350,0.7430,0.7678,0.7552,0.7494,0.01000,1.0000,4.0,0.3,2.72,20,bw 
0.8150,0.8986,0.8375,0.7425,0.7739,0.7579,0.7522,0.01000,1.0000,4.0,0.2,2.27,17,bw 
0.8200,0.8931,0.8325,0.7314,0.7611,0.7460,0.7400,0.01000,1.0000,4.0,0.1,4.55,37,bw 
1.0000,1.0000,1.0000,1.0000,1.0000,1.0000,1.0000,0.01000,5.0000,4.0,1.0,13.80,102,bw 
1.0000,1.0000,1.0000,1.0000,1.0000,1.0000,1.0000,0.01000,5.0000,4.0,0.9,12.80,100,bw 
0.8825,0.9402,0.8925,0.8252,0.8811,0.8522,0.8487,0.01000,5.0000,4.0,0.8,12.40,97,bw 
0.9500,0.9812,0.9500,0.9000,1.0000,0.9474,0.9461,0.01000,5.0000,4.0,0.7,12.55,95,bw 
0.7475,0.8677,0.7650,0.6437,0.7750,0.7033,0.6958,0.01000,5.0000,4.0,0.6,13.28,91,bw 
0.7775,0.8773,0.7875,0.6668,0.7717,0.7154,0.7084,0.01000,5.0000,4.0,0.5,13.07,82,bw 
0.7600,0.8707,0.7800,0.6561,0.7483,0.6992,0.6918,0.01000,5.0000,4.0,0.4,10.91,80,bw 
0.8800,0.9357,0.8875,0.8203,0.8494,0.8346,0.8307,0.01000,5.0000,4.0,0.3,12.90,72,bw 
0.8225,0.9029,0.8400,0.7546,0.7806,0.7673,0.7619,0.01000,5.0000,4.0,0.2,31.06,72,bw 
0.8225,0.9016,0.8375,0.7525,0.7789,0.7655,0.7600,0.01000,5.0000,4.0,0.1,10.09,67,bw 
0.8250,0.9114,0.8375,0.7420,0.7989,0.7694,0.7639,0.01000,10.0000,4.0,1.0,19.07,111,bw 
0.9475,0.9751,0.9600,0.9175,0.9456,0.9313,0.9297,0.01000,10.0000,4.0,0.9,15.22,108,bw 
1.0000,1.0000,1.0000,1.0000,1.0000,1.0000,1.0000,0.01000,10.0000,4.0,0.8,15.31,107,bw 
0.9425,0.9769,0.9450,0.8889,0.9783,0.9315,0.9298,0.01000,10.0000,4.0,0.7,13.46,104,bw 
0.9750,0.9880,0.9750,0.9465,0.9822,0.9640,0.9632,0.01000,10.0000,4.0,0.6,12.91,102,bw 
1.0000,1.0000,1.0000,1.0000,1.0000,1.0000,1.0000,0.01000,10.0000,4.0,0.5,13.03,99,bw 
0.7925,0.8892,0.8100,0.6912,0.7944,0.7392,0.7328,0.01000,10.0000,4.0,0.4,12.89,93,bw 
0.7925,0.8916,0.8125,0.6967,0.7989,0.7443,0.7380,0.01000,10.0000,4.0,0.3,11.88,85,bw 
0.7275,0.8533,0.7475,0.6265,0.7156,0.6680,0.6599,0.01000,10.0000,4.0,0.2,9.69,80,bw 
0.8300,0.9089,0.8475,0.7635,0.7961,0.7794,0.7742,0.01000,10.0000,4.0,0.1,9.74,75,bw 
0.5650,0.7785,0.5650,0.4197,0.7911,0.5484,0.5347,0.01000,50.0000,4.0,1.0,19.58,130,bw 
0.6350,0.8112,0.6350,0.4938,0.7950,0.6092,0.5980,0.01000,50.0000,4.0,0.9,17.45,127,bw 
0.7050,0.8387,0.7100,0.5465,0.7544,0.6338,0.6240,0.01000,50.0000,4.0,0.8,15.79,124,bw 
0.6500,0.8232,0.6625,0.5057,0.6617,0.5733,0.5621,0.01000,50.0000,4.0,0.7,16.10,122,bw 
0.6725,0.8296,0.6825,0.5197,0.6444,0.5754,0.5645,0.01000,50.0000,4.0,0.6,20.26,119,bw 
0.6700,0.8361,0.6950,0.5254,0.6606,0.5853,0.5746,0.01000,50.0000,4.0,0.5,16.80,117,bw 
1.0000,1.0000,1.0000,1.0000,1.0000,1.0000,1.0000,0.01000,50.0000,4.0,0.4,23.36,114,bw 
1.0000,1.0000,1.0000,1.0000,1.0000,1.0000,1.0000,0.01000,50.0000,4.0,0.3,20.15,112,bw 
0.9725,0.9866,0.9725,0.9416,0.9850,0.9628,0.9619,0.01000,50.0000,4.0,0.2,19.46,109,bw 
1.0000,1.0000,1.0000,1.0000,1.0000,1.0000,1.0000,0.01000,50.0000,4.0,0.1,18.48,105,bw 
0.5300,0.7504,0.5300,0.3695,0.7533,0.4958,0.4801,0.01000,100.0000,4.0,1.0,25.09,137,bw 
0.4675,0.7166,0.4675,0.3305,0.7839,0.4650,0.4475,0.01000,100.0000,4.0,0.9,25.89,137,bw 
0.7950,0.8888,0.8125,0.7174,0.7333,0.7253,0.7189,0.01000,0.0079,5.0,1.0,3.14,16,bw 
0.7950,0.8878,0.8125,0.7179,0.7322,0.7250,0.7186,0.01000,0.0079,5.0,0.9,3.94,13,bw 
0.8025,0.8877,0.8175,0.7246,0.7383,0.7314,0.7252,0.01000,0.0079,5.0,0.8,3.34,18,bw 
0.7875,0.8832,0.8050,0.7034,0.7206,0.7119,0.7051,0.01000,0.0079,5.0,0.7,2.52,14,bw 
0.8025,0.8898,0.8200,0.7286,0.7411,0.7348,0.7286,0.01000,0.0079,5.0,0.6,2.26,12,bw 
0.8025,0.8864,0.8175,0.7219,0.7356,0.7287,0.7224,0.01000,0.0079,5.0,0.5,1.98,12,bw 
0.8200,0.8894,0.8325,0.7260,0.7567,0.7410,0.7349,0.01000,0.0079,5.0,0.4,2.02,12,bw 
0.7950,0.8901,0.8125,0.7159,0.7406,0.7280,0.7216,0.01000,0.0079,5.0,0.3,2.84,15,bw 
0.8000,0.8884,0.8200,0.7205,0.7461,0.7331,0.7268,0.01000,0.0079,5.0,0.2,1.82,10,bw 
0.7975,0.8790,0.8075,0.6912,0.7400,0.7148,0.7080,0.01000,0.0079,5.0,0.1,1.95,11,bw 
0.8000,0.8893,0.8175,0.7242,0.7367,0.7304,0.7241,0.01000,0.0100,5.0,1.0,3.30,21,bw 
0.7950,0.8878,0.8125,0.7179,0.7322,0.7250,0.7186,0.01000,0.0100,5.0,0.9,3.39,16,bw 
0.7925,0.8865,0.8100,0.7129,0.7283,0.7205,0.7140,0.01000,0.0100,5.0,0.8,2.76,14,bw 
0.8075,0.8941,0.8225,0.7343,0.7478,0.7410,0.7350,0.01000,0.0100,5.0,0.7,3.87,18,bw 
0.7875,0.8832,0.8050,0.7034,0.7206,0.7119,0.7051,0.01000,0.0100,5.0,0.6,2.20,12,bw 
0.7900,0.8805,0.8100,0.7080,0.7261,0.7170,0.7103,0.01000,0.0100,5.0,0.5,2.24,12,bw 
0.7950,0.8843,0.8125,0.7153,0.7272,0.7212,0.7147,0.01000,0.0100,5.0,0.4,2.08,12,bw 
0.8075,0.8916,0.8300,0.7324,0.7589,0.7454,0.7394,0.01000,0.0100,5.0,0.3,2.39,13,bw 
0.7950,0.8904,0.8125,0.7171,0.7406,0.7286,0.7222,0.01000,0.0100,5.0,0.2,3.03,15,bw 
0.7800,0.8792,0.8025,0.7022,0.7256,0.7137,0.7069,0.01000,0.0100,5.0,0.1,2.07,10,bw 
0.8550,0.9171,0.8650,0.7894,0.8039,0.7966,0.7918,0.01000,0.1000,5.0,1.0,7.95,46,bw 
0.8475,0.9142,0.8625,0.7856,0.8022,0.7938,0.7890,0.01000,0.1000,5.0,0.9,8.00,42,bw 
0.8225,0.8987,0.8375,0.7403,0.7633,0.7516,0.7458,0.01000,0.1000,5.0,0.8,8.70,41,bw 
0.8200,0.8996,0.8350,0.7427,0.7617,0.7521,0.7463,0.01000,0.1000,5.0,0.7,6.39,37,bw 
0.7950,0.8888,0.8125,0.7174,0.7333,0.7253,0.7189,0.01000,0.1000,5.0,0.6,7.28,41,bw 
0.7950,0.8888,0.8125,0.7174,0.7333,0.7253,0.7189,0.01000,0.1000,5.0,0.5,6.72,37,bw 
0.8000,0.8895,0.8175,0.7250,0.7367,0.7308,0.7245,0.01000,0.1000,5.0,0.4,6.00,33,bw 
0.7900,0.8856,0.8075,0.7094,0.7256,0.7174,0.7108,0.01000,0.1000,5.0,0.3,3.70,22,bw 
0.7975,0.8884,0.8150,0.7207,0.7339,0.7272,0.7209,0.01000,0.1000,5.0,0.2,3.12,18,bw 
0.8025,0.8876,0.8175,0.7239,0.7383,0.7310,0.7248,0.01000,0.1000,5.0,0.1,2.91,16,bw 
1.0000,1.0000,1.0000,1.0000,1.0000,1.0000,1.0000,0.01000,1.0000,5.0,1.0,15.73,85,bw 
0.9750,0.9906,0.9750,0.9474,1.0000,0.9730,0.9723,0.01000,1.0000,5.0,0.9,13.79,81,bw 
0.7750,0.8860,0.7875,0.6709,0.8133,0.7353,0.7286,0.01000,1.0000,5.0,0.8,13.43,78,bw 
0.8175,0.8956,0.8325,0.6823,0.8328,0.7501,0.7437,0.01000,1.0000,5.0,0.7,14.37,73,bw 
0.7675,0.8751,0.7850,0.6630,0.7694,0.7123,0.7051,0.01000,1.0000,5.0,0.6,11.15,67,bw 
0.8725,0.9287,0.8825,0.8012,0.8394,0.8199,0.8156,0.01000,1.0000,5.0,0.5,13.08,65,bw 
0.8600,0.9249,0.8700,0.7940,0.8222,0.8079,0.8033,0.01000,1.0000,5.0,0.4,9.42,59,bw 
0.8475,0.9152,0.8625,0.7878,0.8022,0.7949,0.7902,0.01000,1.0000,5.0,0.3,9.21,58,bw 
0.8275,0.9001,0.8425,0.7508,0.7683,0.7595,0.7539,0.01000,1.0000,5.0,0.2,9.65,52,bw 
0.8200,0.8962,0.8375,0.7375,0.7617,0.7494,0.7435,0.01000,1.0000,5.0,0.1,6.99,43,bw 
0.7100,0.8530,0.7350,0.5725,0.6956,0.6280,0.6186,0.01000,5.0000,5.0,1.0,18.79,104,bw 
0.8425,0.9104,0.8550,0.7456,0.7978,0.7708,0.7653,0.01000,5.0000,5.0,0.9,17.71,102,bw 
0.8200,0.9005,0.8350,0.7045,0.7972,0.7480,0.7418,0.01000,5.0000,5.0,0.8,17.31,99,bw 
0.9025,0.9430,0.9050,0.8119,0.9089,0.8577,0.8542,0.01000,5.0000,5.0,0.7,16.82,97,bw 
0.9950,0.9955,0.9950,0.9895,0.9900,0.9897,0.9895,0.01000,5.0000,5.0,0.6,16.43,94,bw 
0.9775,0.9911,0.9775,0.9522,0.9950,0.9731,0.9725,0.01000,5.0000,5.0,0.5,13.68,92,bw 
0.9750,0.9906,0.9750,0.9474,1.0000,0.9730,0.9723,0.01000,5.0000,5.0,0.4,14.55,88,bw 
0.9750,0.9906,0.9750,0.9474,1.0000,0.9730,0.9723,0.01000,5.0000,5.0,0.3,13.13,80,bw 
0.7800,0.8761,0.7950,0.6725,0.7744,0.7199,0.7129,0.01000,5.0000,5.0,0.2,12.62,74,bw 
0.7400,0.8579,0.7625,0.6283,0.7250,0.6732,0.6651,0.01000,5.0000,5.0,0.1,12.83,72,bw 
0.6550,0.8173,0.6650,0.5055,0.7144,0.5921,0.5810,0.01000,10.0000,5.0,1.0,20.30,111,bw 
0.7100,0.8383,0.7100,0.5518,0.7167,0.6235,0.6136,0.01000,10.0000,5.0,0.9,20.18,109,bw 
0.7675,0.8748,0.7725,0.6353,0.7550,0.6900,0.6822,0.01000,10.0000,5.0,0.8,20.93,107,bw 
0.7375,0.8552,0.7550,0.5797,0.6911,0.6305,0.6212,0.01000,10.0000,5.0,0.7,18.03,104,bw 
0.8400,0.9065,0.8450,0.7334,0.7856,0.7586,0.7528,0.01000,10.0000,5.0,0.6,18.29,103,bw 
1.0000,1.0000,1.0000,1.0000,1.0000,1.0000,1.0000,0.01000,10.0000,5.0,0.5,17.42,100,bw 
0.9725,0.9883,0.9725,0.9421,0.9950,0.9678,0.9671,0.01000,10.0000,5.0,0.4,16.48,97,bw 
0.9625,0.9839,0.9625,0.9218,0.9817,0.9508,0.9496,0.01000,10.0000,5.0,0.3,17.41,96,bw 
1.0000,1.0000,1.0000,1.0000,1.0000,1.0000,1.0000,0.01000,10.0000,5.0,0.2,16.63,92,bw 
0.7975,0.8982,0.8150,0.6850,0.8361,0.7531,0.7468,0.01000,10.0000,5.0,0.1,13.40,84,bw 
0.3500,0.6529,0.3500,0.2535,0.8461,0.3901,0.3681,0.01000,50.0000,5.0,1.0,28.86,141,bw 
0.4350,0.7119,0.4350,0.3105,0.8483,0.4546,0.4360,0.01000,50.0000,5.0,0.9,22.67,131,bw 
0.4900,0.7459,0.4900,0.3571,0.8078,0.4952,0.4789,0.01000,50.0000,5.0,0.8,28.74,134,bw 
0.6175,0.8020,0.6175,0.4541,0.7750,0.5727,0.5601,0.01000,50.0000,5.0,0.7,36.93,124,bw 
0.6025,0.7894,0.6075,0.4293,0.6978,0.5315,0.5181,0.01000,50.0000,5.0,0.6,33.91,123,bw 
0.6200,0.8054,0.6350,0.4596,0.6544,0.5400,0.5275,0.01000,50.0000,5.0,0.5,29.40,118,bw 
0.6900,0.8422,0.6950,0.5472,0.6983,0.6136,0.6036,0.01000,50.0000,5.0,0.4,32.34,116,bw 
0.6950,0.8376,0.7075,0.5274,0.6800,0.5940,0.5834,0.01000,50.0000,5.0,0.3,24.66,113,bw 
0.7625,0.8648,0.7775,0.6188,0.6989,0.6564,0.6480,0.01000,50.0000,5.0,0.2,27.07,111,bw 
1.0000,1.0000,1.0000,1.0000,1.0000,1.0000,1.0000,0.01000,50.0000,5.0,0.1,21.77,108,bw 
0.2900,0.5738,0.2900,0.1899,0.7661,0.3043,0.2783,0.01000,100.0000,5.0,1.0,35.21,151,bw 
0.3375,0.6112,0.3375,0.2034,0.7550,0.3204,0.2954,0.01000,100.0000,5.0,0.9,35.37,151,bw 
0.4150,0.7043,0.4275,0.2895,0.8439,0.4311,0.4113,0.01000,100.0000,5.0,0.8,34.23,144,bw 
0.4225,0.7123,0.4225,0.3211,0.8728,0.4694,0.4514,0.01000,100.0000,5.0,0.7,30.28,133,bw 
0.6175,0.8042,0.6225,0.4610,0.7183,0.5616,0.5492,0.01000,100.0000,5.0,0.6,33.09,141,bw 
0.5200,0.7514,0.5200,0.3788,0.7628,0.5062,0.4908,0.01000,100.0000,5.0,0.5,30.69,129,bw 
0.6100,0.7943,0.6125,0.4533,0.7461,0.5639,0.5513,0.01000,100.0000,5.0,0.4,27.73,126,bw 
0.6650,0.8286,0.6700,0.5167,0.6789,0.5868,0.5759,0.01000,100.0000,5.0,0.3,29.10,120,bw 
0.6450,0.8114,0.6600,0.4703,0.6900,0.5593,0.5472,0.01000,100.0000,5.0,0.2,30.31,119,bw 
0.7175,0.8408,0.7250,0.5493,0.6683,0.6030,0.5929,0.01000,100.0000,5.0,0.1,28.81,115,bw 
0.8075,0.8961,0.8250,0.7361,0.7517,0.7438,0.7378,0.01000,0.0079,6.0,1.0,5.23,20,bw 
0.8100,0.8980,0.8300,0.7455,0.7567,0.7510,0.7452,0.01000,0.0079,6.0,0.9,3.92,16,bw 
0.7850,0.8832,0.8075,0.7071,0.7283,0.7176,0.7110,0.01000,0.0079,6.0,0.8,3.62,13,bw 
0.7875,0.8900,0.8100,0.7203,0.7367,0.7284,0.7220,0.01000,0.0079,6.0,0.7,3.38,11,bw 
0.8175,0.8943,0.8350,0.7396,0.7572,0.7483,0.7424,0.01000,0.0079,6.0,0.6,4.46,14,bw 
0.7775,0.8778,0.8000,0.6969,0.7178,0.7072,0.7003,0.01000,0.0079,6.0,0.5,3.02,10,bw 
0.7925,0.8878,0.8150,0.7189,0.7389,0.7288,0.7224,0.01000,0.0079,6.0,0.4,3.56,13,bw 
0.6575,0.8065,0.6900,0.5247,0.5961,0.5581,0.5473,0.01000,0.0079,6.0,0.3,3.25,13,bw 
0.7975,0.8832,0.8175,0.7166,0.7361,0.7262,0.7198,0.01000,0.0079,6.0,0.2,2.81,11,bw 
0.7950,0.8861,0.8175,0.7167,0.7406,0.7284,0.7220,0.01000,0.0079,6.0,0.1,2.90,11,bw 
0.8075,0.8959,0.8250,0.7329,0.7517,0.7422,0.7362,0.01000,0.0100,6.0,1.0,5.09,20,bw 
0.7925,0.8923,0.8150,0.7253,0.7422,0.7337,0.7274,0.01000,0.0100,6.0,0.9,4.26,18,bw 
0.8075,0.8958,0.8275,0.7406,0.7517,0.7461,0.7402,0.01000,0.0100,6.0,0.8,3.39,14,bw 
0.7900,0.8835,0.8075,0.7065,0.7289,0.7175,0.7109,0.01000,0.0100,6.0,0.7,5.10,14,bw 
0.8150,0.8998,0.8325,0.7518,0.7639,0.7578,0.7521,0.01000,0.0100,6.0,0.6,4.65,14,bw 
0.7000,0.8205,0.7200,0.5702,0.6272,0.5974,0.5876,0.01000,0.0100,6.0,0.5,3.84,13,bw 
0.8050,0.8921,0.8250,0.7343,0.7461,0.7401,0.7341,0.01000,0.0100,6.0,0.4,4.42,11,bw 
0.7975,0.8809,0.8175,0.7101,0.7333,0.7215,0.7150,0.01000,0.0100,6.0,0.3,1.93,11,bw 
0.8150,0.8930,0.8325,0.7374,0.7550,0.7461,0.7402,0.01000,0.0100,6.0,0.2,2.38,12,bw 
0.6750,0.8107,0.6925,0.5460,0.6067,0.5747,0.5644,0.01000,0.0100,6.0,0.1,2.55,14,bw 
0.7625,0.8683,0.7775,0.6534,0.7456,0.6964,0.6889,0.01000,0.1000,6.0,1.0,9.59,52,bw 
0.8600,0.9245,0.8750,0.7860,0.8344,0.8095,0.8050,0.01000,0.1000,6.0,0.9,10.75,44,bw 
0.8825,0.9328,0.8900,0.8117,0.8478,0.8293,0.8253,0.01000,0.1000,6.0,0.8,8.65,43,bw 
0.8700,0.9288,0.8775,0.7995,0.8328,0.8158,0.8114,0.01000,0.1000,6.0,0.7,8.02,41,bw 
0.8100,0.9002,0.8250,0.7274,0.7633,0.7449,0.7389,0.01000,0.1000,6.0,0.6,9.43,40,bw 
0.8150,0.9035,0.8300,0.7428,0.7700,0.7561,0.7504,0.01000,0.1000,6.0,0.5,6.07,30,bw 
0.8125,0.9011,0.8275,0.7414,0.7583,0.7498,0.7440,0.01000,0.1000,6.0,0.4,5.90,33,bw 
0.8075,0.8982,0.8225,0.7234,0.7583,0.7404,0.7343,0.01000,0.1000,6.0,0.3,4.13,25,bw 
0.7975,0.8932,0.8200,0.7258,0.7500,0.7377,0.7316,0.01000,0.1000,6.0,0.2,2.74,16,bw 
0.7875,0.8852,0.8025,0.7099,0.7272,0.7184,0.7119,0.01000,0.1000,6.0,0.1,2.95,16,bw 
0.8750,0.9197,0.8750,0.7739,0.8194,0.7960,0.7912,0.01000,1.0000,6.0,1.0,13.63,86,bw 
0.8775,0.9234,0.8800,0.7932,0.8206,0.8067,0.8021,0.01000,1.0000,6.0,0.9,14.23,84,bw 
1.0000,1.0000,1.0000,1.0000,1.0000,1.0000,1.0000,0.01000,1.0000,6.0,0.8,15.19,82,bw 
0.9900,0.9943,0.9900,0.9780,0.9867,0.9823,0.9819,0.01000,1.0000,6.0,0.7,13.45,80,bw 
0.9500,0.9812,0.9500,0.9000,1.0000,0.9474,0.9461,0.01000,1.0000,6.0,0.6,13.94,77,bw 
0.9750,0.9906,0.9750,0.9474,1.0000,0.9730,0.9723,0.01000,1.0000,6.0,0.5,12.35,74,bw 
0.8125,0.9032,0.8275,0.7292,0.8183,0.7712,0.7656,0.01000,1.0000,6.0,0.4,9.96,66,bw 
0.7025,0.8418,0.7275,0.6038,0.6561,0.6289,0.6199,0.01000,1.0000,6.0,0.3,7.38,60,bw 
0.8575,0.9267,0.8675,0.7690,0.8417,0.8037,0.7990,0.01000,1.0000,6.0,0.2,7.13,57,bw 
0.8175,0.9020,0.8300,0.7318,0.7717,0.7512,0.7453,0.01000,1.0000,6.0,0.1,9.85,51,bw 
0.6800,0.8323,0.6800,0.5202,0.7589,0.6173,0.6067,0.01000,5.0000,6.0,1.0,15.51,106,bw 
0.6325,0.8172,0.6450,0.4987,0.7561,0.6010,0.5899,0.01000,5.0000,6.0,0.9,12.92,103,bw 
0.6625,0.8204,0.6675,0.5022,0.7017,0.5854,0.5742,0.01000,5.0000,6.0,0.8,11.72,101,bw 
0.6975,0.8522,0.7200,0.5820,0.7117,0.6403,0.6312,0.01000,5.0000,6.0,0.7,10.52,98,bw 
0.7975,0.8813,0.7975,0.6632,0.7189,0.6899,0.6825,0.01000,5.0000,6.0,0.6,10.15,96,bw 
0.8150,0.8845,0.8150,0.6637,0.7761,0.7155,0.7084,0.01000,5.0000,6.0,0.5,10.47,93,bw 
0.9625,0.9665,0.9625,0.9214,0.9250,0.9232,0.9214,0.01000,5.0000,6.0,0.4,10.54,91,bw 
0.9775,0.9877,0.9775,0.9514,0.9783,0.9647,0.9638,0.01000,5.0000,6.0,0.3,9.88,88,bw 
0.9525,0.9817,0.9525,0.9041,0.9950,0.9474,0.9461,0.01000,5.0000,6.0,0.2,8.62,84,bw 
0.9500,0.9812,0.9500,0.9000,1.0000,0.9474,0.9461,0.01000,5.0000,6.0,0.1,8.54,79,bw 
0.4150,0.6804,0.4200,0.2564,0.7578,0.3831,0.3616,0.01000,10.0000,6.0,1.0,13.88,114,bw 
0.5275,0.7649,0.5350,0.3942,0.7711,0.5217,0.5070,0.01000,10.0000,6.0,0.9,12.56,111,bw 
0.6450,0.8099,0.6475,0.4771,0.7133,0.5718,0.5599,0.01000,10.0000,6.0,0.8,12.99,109,bw 
0.6050,0.8086,0.6200,0.4757,0.7411,0.5795,0.5676,0.01000,10.0000,6.0,0.7,11.32,106,bw 
0.6550,0.8242,0.6650,0.5039,0.7189,0.5925,0.5814,0.01000,10.0000,6.0,0.6,10.88,104,bw 
0.6975,0.8447,0.7125,0.5562,0.7289,0.6309,0.6212,0.01000,10.0000,6.0,0.5,10.34,100,bw 
0.7050,0.8418,0.7175,0.5529,0.6906,0.6141,0.6042,0.01000,10.0000,6.0,0.4,10.10,99,bw 
0.7400,0.8713,0.7625,0.6265,0.7044,0.6632,0.6549,0.01000,10.0000,6.0,0.3,9.75,97,bw 
1.0000,1.0000,1.0000,1.0000,1.0000,1.0000,1.0000,0.01000,10.0000,6.0,0.2,9.53,93,bw 
1.0000,1.0000,1.0000,1.0000,1.0000,1.0000,1.0000,0.01000,10.0000,6.0,0.1,9.25,91,bw 
0.3250,0.6485,0.3250,0.2473,0.8911,0.3871,0.3647,0.01000,50.0000,6.0,1.0,14.92,144,bw 
0.2875,0.6015,0.2875,0.2027,0.8833,0.3297,0.3041,0.01000,50.0000,6.0,0.9,14.32,144,bw 
0.4100,0.6948,0.4100,0.2916,0.8261,0.4310,0.4114,0.01000,50.0000,6.0,0.8,14.60,147,bw 
0.4800,0.7372,0.4800,0.3473,0.8544,0.4939,0.4771,0.01000,50.0000,6.0,0.7,14.35,149,bw 
0.4575,0.7090,0.4575,0.2987,0.7417,0.4259,0.4068,0.01000,50.0000,6.0,0.6,13.18,136,bw 
0.5525,0.7776,0.5625,0.4161,0.6711,0.5137,0.4998,0.01000,50.0000,6.0,0.5,12.89,130,bw 
0.5725,0.7842,0.5800,0.4271,0.7328,0.5397,0.5262,0.01000,50.0000,6.0,0.4,13.17,130,bw 
0.5825,0.7933,0.5875,0.4270,0.7328,0.5396,0.5261,0.01000,50.0000,6.0,0.3,12.01,116,bw 
0.5925,0.7870,0.5925,0.4373,0.6744,0.5306,0.5174,0.01000,50.0000,6.0,0.2,12.14,130,bw 
0.6250,0.8259,0.6675,0.4912,0.6167,0.5468,0.5351,0.01000,50.0000,6.0,0.1,10.09,109,bw 
0.1950,0.4495,0.1950,0.1066,0.8722,0.1899,0.1560,0.01000,100.0000,6.0,1.0,14.11,151,bw 
0.3150,0.6187,0.3150,0.2094,0.8628,0.3371,0.3121,0.01000,100.0000,6.0,0.9,13.99,151,bw 
0.3300,0.6241,0.3300,0.2187,0.8628,0.3490,0.3247,0.01000,100.0000,6.0,0.8,14.19,151,bw 
0.4175,0.6924,0.4175,0.2918,0.8378,0.4328,0.4132,0.01000,100.0000,6.0,0.7,14.01,151,bw 
0.3650,0.6704,0.3675,0.2694,0.8378,0.4077,0.3867,0.01000,100.0000,6.0,0.6,13.11,141,bw 
0.4025,0.6921,0.4025,0.2960,0.7778,0.4289,0.4096,0.01000,100.0000,6.0,0.5,14.16,151,bw 
0.4700,0.7101,0.4875,0.3031,0.6117,0.4054,0.3869,0.01000,100.0000,6.0,0.4,12.82,141,bw 
0.4950,0.7429,0.4950,0.3648,0.7506,0.4910,0.4751,0.01000,100.0000,6.0,0.3,11.36,124,bw 
0.5425,0.7703,0.5475,0.3835,0.7456,0.5065,0.4914,0.01000,100.0000,6.0,0.2,11.50,121,bw 
0.6275,0.8037,0.6275,0.4620,0.7367,0.5679,0.5556,0.01000,100.0000,6.0,0.1,11.16,121,bw 
0.8375,0.9062,0.8525,0.7669,0.7861,0.7764,0.7712,0.01000,0.0079,7.0,1.0,1.99,20,bw 
0.7950,0.8856,0.8125,0.7167,0.7394,0.7279,0.7215,0.01000,0.0079,7.0,0.9,1.68,16,bw 
0.8150,0.8884,0.8250,0.7253,0.7556,0.7401,0.7340,0.01000,0.0079,7.0,0.8,1.56,15,bw 
0.7925,0.8842,0.8125,0.7080,0.7328,0.7202,0.7136,0.01000,0.0079,7.0,0.7,1.34,12,bw 
0.6825,0.8170,0.6950,0.5572,0.6172,0.5857,0.5756,0.01000,0.0079,7.0,0.6,1.38,13,bw 
0.7950,0.8790,0.8125,0.7163,0.7267,0.7215,0.7150,0.01000,0.0079,7.0,0.5,1.25,12,bw 
0.7675,0.8752,0.7875,0.6909,0.7067,0.6987,0.6917,0.01000,0.0079,7.0,0.4,1.26,12,bw 
0.8175,0.8943,0.8350,0.7352,0.7633,0.7490,0.7431,0.01000,0.0079,7.0,0.3,1.13,10,bw 
0.7600,0.8682,0.7850,0.6755,0.6972,0.6862,0.6788,0.01000,0.0079,7.0,0.2,1.12,10,bw 
0.8100,0.8900,0.8300,0.7239,0.7561,0.7397,0.7335,0.01000,0.0079,7.0,0.1,1.35,13,bw 
0.8325,0.9049,0.8475,0.7540,0.7917,0.7724,0.7670,0.01000,0.0100,7.0,1.0,2.12,22,bw 
0.8275,0.9015,0.8425,0.7513,0.7739,0.7625,0.7569,0.01000,0.0100,7.0,0.9,1.85,18,bw 
0.8100,0.8930,0.8275,0.7358,0.7533,0.7444,0.7385,0.01000,0.0100,7.0,0.8,1.85,18,bw 
0.8350,0.9026,0.8450,0.7567,0.7739,0.7652,0.7597,0.01000,0.0100,7.0,0.7,1.52,15,bw 
0.7150,0.8240,0.7400,0.5844,0.6306,0.6066,0.5972,0.01000,0.0100,7.0,0.6,1.36,13,bw 
0.8050,0.8900,0.8175,0.7292,0.7467,0.7379,0.7317,0.01000,0.0100,7.0,0.5,1.36,13,bw 
0.6575,0.8042,0.6775,0.5142,0.5922,0.5505,0.5394,0.01000,0.0100,7.0,0.4,1.17,11,bw 
0.6475,0.8070,0.6750,0.5208,0.6039,0.5593,0.5484,0.01000,0.0100,7.0,0.3,1.31,12,bw 
0.7800,0.8785,0.8025,0.7035,0.7172,0.7103,0.7036,0.01000,0.0100,7.0,0.2,1.12,10,bw 
0.7850,0.8829,0.8075,0.7029,0.7322,0.7173,0.7106,0.01000,0.0100,7.0,0.1,1.49,14,bw 
0.9750,0.9906,0.9750,0.9474,1.0000,0.9730,0.9723,0.01000,0.1000,7.0,1.0,5.54,61,bw 
0.9850,0.9928,0.9850,0.9673,0.9867,0.9769,0.9764,0.01000,0.1000,7.0,0.9,4.94,53,bw 
0.8000,0.8905,0.8200,0.6972,0.7944,0.7427,0.7363,0.01000,0.1000,7.0,0.8,5.12,55,bw 
0.8325,0.9060,0.8475,0.7555,0.8083,0.7810,0.7758,0.01000,0.1000,7.0,0.7,4.50,49,bw 
0.7825,0.8713,0.7900,0.6538,0.7533,0.7001,0.6926,0.01000,0.1000,7.0,0.6,4.07,44,bw 
0.8775,0.9321,0.8900,0.8176,0.8417,0.8295,0.8255,0.01000,0.1000,7.0,0.5,3.77,40,bw 
0.8600,0.9191,0.8700,0.7817,0.8178,0.7993,0.7946,0.01000,0.1000,7.0,0.4,3.69,39,bw 
0.8125,0.8984,0.8300,0.7353,0.7622,0.7485,0.7426,0.01000,0.1000,7.0,0.3,3.14,33,bw 
0.8475,0.9124,0.8575,0.7777,0.7928,0.7851,0.7801,0.01000,0.1000,7.0,0.2,2.74,28,bw 
0.8125,0.8940,0.8225,0.7322,0.7594,0.7456,0.7396,0.01000,0.1000,7.0,0.1,2.32,24,bw 
0.6700,0.8170,0.6700,0.5018,0.6839,0.5789,0.5676,0.01000,1.0000,7.0,1.0,8.23,88,bw 
0.6825,0.8409,0.7075,0.5500,0.6539,0.5975,0.5874,0.01000,1.0000,7.0,0.9,7.86,85,bw 
0.7250,0.8577,0.7400,0.5904,0.7350,0.6548,0.6459,0.01000,1.0000,7.0,0.8,7.71,83,bw 
0.7350,0.8637,0.7550,0.5837,0.7222,0.6456,0.6366,0.01000,1.0000,7.0,0.7,7.36,80,bw 
0.7875,0.8752,0.7925,0.6505,0.7000,0.6743,0.6665,0.01000,1.0000,7.0,0.6,7.20,78,bw 
0.9875,0.9908,0.9875,0.9729,0.9783,0.9756,0.9751,0.01000,1.0000,7.0,0.5,7.12,77,bw 
1.0000,1.0000,1.0000,1.0000,1.0000,1.0000,1.0000,0.01000,1.0000,7.0,0.4,6.93,76,bw 
0.9225,0.9695,0.9225,0.8525,0.9950,0.9182,0.9162,0.01000,1.0000,7.0,0.3,6.43,70,bw 
1.0000,1.0000,1.0000,1.0000,1.0000,1.0000,1.0000,0.01000,1.0000,7.0,0.2,5.65,62,bw 
0.8300,0.9025,0.8375,0.7159,0.8233,0.7659,0.7601,0.01000,1.0000,7.0,0.1,5.32,57,bw 
0.2800,0.5494,0.2800,0.1756,0.7511,0.2847,0.2575,0.01000,5.0000,7.0,1.0,11.36,123,bw 
0.5050,0.7563,0.5050,0.3751,0.8500,0.5205,0.5050,0.01000,5.0000,7.0,0.9,9.76,105,bw 
0.5000,0.7438,0.5000,0.3697,0.7550,0.4963,0.4806,0.01000,5.0000,7.0,0.8,9.74,104,bw 
0.6075,0.7956,0.6075,0.4552,0.7756,0.5737,0.5612,0.01000,5.0000,7.0,0.7,10.11,109,bw 
0.6950,0.8354,0.6975,0.5256,0.7578,0.6207,0.6103,0.01000,5.0000,7.0,0.6,9.19,98,bw 
0.7025,0.8364,0.7100,0.5377,0.7094,0.6117,0.6015,0.01000,5.0000,7.0,0.5,8.72,94,bw 
0.7650,0.8612,0.7650,0.5979,0.7444,0.6632,0.6546,0.01000,5.0000,7.0,0.4,8.23,91,bw 
0.6975,0.8537,0.7075,0.5732,0.6311,0.6007,0.5911,0.01000,5.0000,7.0,0.3,7.95,89,bw 
0.9525,0.9576,0.9525,0.9010,0.9050,0.9030,0.9007,0.01000,5.0000,7.0,0.2,7.98,87,bw 
1.0000,1.0000,1.0000,1.0000,1.0000,1.0000,1.0000,0.01000,5.0000,7.0,0.1,7.78,84,bw 
0.3850,0.6692,0.3850,0.2649,0.8494,0.4039,0.3826,0.01000,10.0000,7.0,1.0,11.11,122,bw 
0.5125,0.7442,0.5125,0.3600,0.7850,0.4936,0.4775,0.01000,10.0000,7.0,0.9,12.09,131,bw 
0.5150,0.7624,0.5200,0.3805,0.8356,0.5229,0.5076,0.01000,10.0000,7.0,0.8,11.56,127,bw 
0.5425,0.7533,0.5425,0.3718,0.7494,0.4971,0.4814,0.01000,10.0000,7.0,0.7,11.37,122,bw 
0.5425,0.7548,0.5425,0.3618,0.7483,0.4878,0.4717,0.01000,10.0000,7.0,0.6,10.98,116,bw 
0.5825,0.7978,0.5850,0.4565,0.7839,0.5770,0.5646,0.01000,10.0000,7.0,0.5,10.62,115,bw 
0.6475,0.8146,0.6475,0.4804,0.7350,0.5810,0.5693,0.01000,10.0000,7.0,0.4,9.27,100,bw 
0.6100,0.8027,0.6300,0.4526,0.5856,0.5105,0.4978,0.01000,10.0000,7.0,0.3,8.87,96,bw 
0.6650,0.8362,0.6925,0.5267,0.6517,0.5826,0.5719,0.01000,10.0000,7.0,0.2,8.60,94,bw 
0.7750,0.8720,0.7850,0.6312,0.7311,0.6775,0.6695,0.01000,10.0000,7.0,0.1,8.40,91,bw 
0.1400,0.3984,0.1475,0.0934,0.8722,0.1687,0.1334,0.01000,50.0000,7.0,1.0,12.84,138,bw 
0.2775,0.5787,0.2775,0.1803,0.8567,0.2979,0.2707,0.01000,50.0000,7.0,0.9,13.59,147,bw 
0.2450,0.5022,0.2450,0.1242,0.8900,0.2180,0.1858,0.01000,50.0000,7.0,0.8,13.66,149,bw 
0.2425,0.5667,0.2425,0.1822,0.8939,0.3028,0.2756,0.01000,50.0000,7.0,0.7,13.27,145,bw 
0.4475,0.7110,0.4525,0.3002,0.8189,0.4393,0.4202,0.01000,50.0000,7.0,0.6,13.33,144,bw 
0.4350,0.6980,0.4350,0.2935,0.7894,0.4279,0.4084,0.01000,50.0000,7.0,0.5,13.64,149,bw 
0.5375,0.7744,0.5600,0.3860,0.6811,0.4928,0.4777,0.01000,50.0000,7.0,0.4,13.66,151,bw 
0.4900,0.7387,0.4900,0.3522,0.8261,0.4939,0.4773,0.01000,50.0000,7.0,0.3,14.61,137,bw 
0.5550,0.7653,0.5550,0.3823,0.7339,0.5028,0.4876,0.01000,50.0000,7.0,0.2,12.57,129,bw 
0.5450,0.7696,0.5650,0.3760,0.6817,0.4847,0.4693,0.01000,50.0000,7.0,0.1,10.35,111,bw 
0.0425,0.0256,0.0425,0.0224,0.5511,0.0430,-0.0004,0.01000,100.0000,7.0,1.0,12.46,128,bw 
0.1250,0.3836,0.1250,0.0833,0.9772,0.1535,0.1168,0.01000,100.0000,7.0,0.9,14.30,146,bw 
0.1750,0.4716,0.1750,0.1237,0.9022,0.2175,0.1852,0.01000,100.0000,7.0,0.8,13.62,143,bw 
0.2625,0.5794,0.2650,0.1804,0.8872,0.2998,0.2725,0.01000,100.0000,7.0,0.7,14.02,151,bw 
0.3250,0.6279,0.3250,0.2290,0.8633,0.3620,0.3384,0.01000,100.0000,7.0,0.6,13.91,151,bw 
0.3775,0.6746,0.3775,0.2717,0.8628,0.4133,0.3924,0.01000,100.0000,7.0,0.5,13.69,151,bw 
0.4775,0.7293,0.4775,0.3361,0.7683,0.4676,0.4504,0.01000,100.0000,7.0,0.4,13.69,151,bw 
0.4175,0.6633,0.4225,0.2628,0.6383,0.3723,0.3516,0.01000,100.0000,7.0,0.3,12.92,145,bw 
0.5775,0.7691,0.5800,0.4077,0.6211,0.4923,0.4781,0.01000,100.0000,7.0,0.2,13.73,147,bw 
0.5575,0.7811,0.5775,0.4166,0.7161,0.5268,0.5129,0.01000,100.0000,7.0,0.1,13.63,151,bw 
0.8625,0.9248,0.8725,0.7872,0.8239,0.8051,0.8005,0.01000,0.0079,8.0,1.0,2.19,22,bw 
0.8575,0.9228,0.8675,0.7969,0.8172,0.8069,0.8024,0.01000,0.0079,8.0,0.9,1.69,17,bw 
0.8525,0.9151,0.8650,0.7825,0.8033,0.7928,0.7879,0.01000,0.0079,8.0,0.8,1.62,16,bw 
0.8325,0.9074,0.8425,0.7534,0.7789,0.7659,0.7604,0.01000,0.0079,8.0,0.7,1.55,15,bw 
0.7750,0.8796,0.7975,0.6909,0.7189,0.7046,0.6976,0.01000,0.0079,8.0,0.6,1.37,13,bw 
0.6625,0.8054,0.6875,0.5251,0.5922,0.5567,0.5458,0.01000,0.0079,8.0,0.5,1.21,11,bw 
0.7800,0.8710,0.7950,0.6866,0.7022,0.6943,0.6872,0.01000,0.0079,8.0,0.4,1.39,13,bw 
0.7900,0.8808,0.8025,0.7027,0.7339,0.7179,0.7113,0.01000,0.0079,8.0,0.3,1.19,11,bw 
0.6900,0.8181,0.7100,0.5606,0.5983,0.5789,0.5688,0.01000,0.0079,8.0,0.2,1.15,10,bw 
0.6875,0.8273,0.7100,0.5797,0.6039,0.5916,0.5819,0.01000,0.0079,8.0,0.1,1.28,10,bw 
0.8875,0.9372,0.9000,0.8243,0.8550,0.8394,0.8356,0.01000,0.0100,8.0,1.0,2.81,27,bw 
0.9000,0.9461,0.9100,0.8520,0.8700,0.8609,0.8577,0.01000,0.0100,8.0,0.9,2.69,24,bw 
0.8550,0.9219,0.8700,0.7975,0.8161,0.8067,0.8022,0.01000,0.0100,8.0,0.8,2.03,18,bw 
0.8225,0.9034,0.8400,0.7460,0.7750,0.7602,0.7546,0.01000,0.0100,8.0,0.7,1.93,16,bw 
0.8150,0.8943,0.8250,0.7278,0.7500,0.7387,0.7326,0.01000,0.0100,8.0,0.6,1.97,16,bw 
0.8200,0.8955,0.8325,0.7357,0.7622,0.7487,0.7428,0.01000,0.0100,8.0,0.5,1.71,16,bw 
0.7775,0.8786,0.7975,0.6927,0.7189,0.7056,0.6986,0.01000,0.0100,8.0,0.4,1.94,14,bw 
0.6900,0.8161,0.7175,0.5544,0.6089,0.5804,0.5702,0.01000,0.0100,8.0,0.3,1.76,13,bw 
0.6625,0.8065,0.6800,0.5360,0.5994,0.5660,0.5554,0.01000,0.0100,8.0,0.2,1.51,13,bw 
0.7450,0.8575,0.7700,0.6460,0.6894,0.6670,0.6591,0.01000,0.0100,8.0,0.1,1.34,12,bw 
0.8925,0.9457,0.9025,0.8408,0.8656,0.8530,0.8496,0.01000,0.1000,8.0,1.0,6.81,62,bw 
0.9000,0.9515,0.9025,0.8199,0.9256,0.8695,0.8663,0.01000,0.1000,8.0,0.9,5.90,60,bw 
1.0000,1.0000,1.0000,1.0000,1.0000,1.0000,1.0000,0.01000,0.1000,8.0,0.8,6.03,58,bw 
0.9800,0.9916,0.9800,0.9571,0.9911,0.9738,0.9732,0.01000,0.1000,8.0,0.7,5.13,54,bw 
0.9750,0.9906,0.9750,0.9474,1.0000,0.9730,0.9723,0.01000,0.1000,8.0,0.6,4.64,50,bw 
0.9750,0.9906,0.9750,0.9474,1.0000,0.9730,0.9723,0.01000,0.1000,8.0,0.5,4.28,45,bw 
0.8275,0.8992,0.8350,0.7304,0.8006,0.7638,0.7581,0.01000,0.1000,8.0,0.4,3.72,39,bw 
0.7800,0.8737,0.7925,0.6652,0.7550,0.7073,0.7001,0.01000,0.1000,8.0,0.3,3.85,40,bw 
0.8900,0.9423,0.9000,0.8318,0.8628,0.8470,0.8434,0.01000,0.1000,8.0,0.2,3.31,33,bw 
0.8050,0.8999,0.8225,0.7313,0.7561,0.7435,0.7375,0.01000,0.1000,8.0,0.1,3.28,32,bw 
0.5000,0.7378,0.5000,0.3503,0.7806,0.4836,0.4670,0.01000,1.0000,8.0,1.0,8.52,89,bw 
0.5300,0.7609,0.5300,0.3954,0.8139,0.5322,0.5176,0.01000,1.0000,8.0,0.9,8.15,88,bw 
0.5525,0.7556,0.5525,0.3749,0.7372,0.4970,0.4815,0.01000,1.0000,8.0,0.8,8.43,85,bw 
0.6400,0.8089,0.6400,0.4743,0.7189,0.5716,0.5596,0.01000,1.0000,8.0,0.7,10.93,83,bw 
0.6875,0.8341,0.6925,0.5413,0.7167,0.6168,0.6067,0.01000,1.0000,8.0,0.6,9.34,80,bw 
0.7325,0.8558,0.7425,0.5845,0.7144,0.6430,0.6339,0.01000,1.0000,8.0,0.5,8.55,78,bw 
0.6950,0.8438,0.7175,0.5638,0.6728,0.6135,0.6037,0.01000,1.0000,8.0,0.4,7.73,74,bw 
0.7850,0.8853,0.8050,0.6748,0.7494,0.7102,0.7031,0.01000,1.0000,8.0,0.3,7.43,72,bw 
0.9950,0.9955,0.9950,0.9895,0.9900,0.9897,0.9895,0.01000,1.0000,8.0,0.2,7.07,70,bw 
0.9750,0.9906,0.9750,0.9474,1.0000,0.9730,0.9723,0.01000,1.0000,8.0,0.1,8.01,67,bw 
0.1825,0.4899,0.1825,0.1338,0.9433,0.2344,0.2029,0.01000,5.0000,8.0,1.0,13.81,120,bw 
0.2900,0.5576,0.2900,0.1708,0.7900,0.2809,0.2532,0.01000,5.0000,8.0,0.9,14.22,120,bw 
0.3900,0.6835,0.3900,0.2905,0.8461,0.4325,0.4128,0.01000,5.0000,8.0,0.8,13.69,123,bw 
0.3925,0.6547,0.3925,0.2418,0.7789,0.3691,0.3466,0.01000,5.0000,8.0,0.7,13.12,112,bw 
0.5700,0.7817,0.5825,0.4106,0.7467,0.5299,0.5158,0.01000,5.0000,8.0,0.6,11.66,106,bw 
0.5725,0.7862,0.5875,0.4370,0.6322,0.5168,0.5036,0.01000,5.0000,8.0,0.5,13.29,125,bw 
0.5950,0.7946,0.5950,0.4410,0.8217,0.5739,0.5610,0.01000,5.0000,8.0,0.4,9.97,95,bw 
0.6500,0.8236,0.6600,0.4852,0.7544,0.5906,0.5790,0.01000,5.0000,8.0,0.3,9.23,90,bw 
0.6225,0.8208,0.6350,0.4996,0.6922,0.5803,0.5691,0.01000,5.0000,8.0,0.2,10.01,99,bw 
0.7000,0.8524,0.7175,0.5674,0.6850,0.6207,0.6111,0.01000,5.0000,8.0,0.1,8.51,84,bw 
0.1725,0.4533,0.1725,0.1149,0.8889,0.2035,0.1703,0.01000,10.0000,8.0,1.0,12.77,124,bw 
0.3550,0.6394,0.3550,0.2312,0.8411,0.3627,0.3393,0.01000,10.0000,8.0,0.9,12.73,125,bw 
0.3075,0.6145,0.3075,0.2116,0.8600,0.3396,0.3148,0.01000,10.0000,8.0,0.8,13.19,127,bw 
0.4400,0.7128,0.4400,0.3210,0.8406,0.4646,0.4465,0.01000,10.0000,8.0,0.7,14.55,132,bw 
0.4750,0.7305,0.4750,0.3450,0.8083,0.4836,0.4668,0.01000,10.0000,8.0,0.6,13.71,125,bw 
0.5350,0.7721,0.5450,0.4095,0.7739,0.5356,0.5214,0.01000,10.0000,8.0,0.5,13.75,135,bw 
0.5475,0.7667,0.5475,0.3976,0.7689,0.5241,0.5096,0.01000,10.0000,8.0,0.4,12.38,116,bw 
0.5725,0.7758,0.5725,0.4048,0.7744,0.5317,0.5174,0.01000,10.0000,8.0,0.3,10.41,99,bw 
0.5675,0.7813,0.5700,0.4137,0.7122,0.5234,0.5094,0.01000,10.0000,8.0,0.2,11.23,114,bw 
0.6125,0.8089,0.6225,0.4640,0.7017,0.5586,0.5463,0.01000,10.0000,8.0,0.1,11.08,111,bw 
0.0250,-0.0000,0.0250,0.0226,1.0000,0.0441,0.0000,0.01000,50.0000,8.0,1.0,13.05,123,bw 
0.0750,0.2163,0.0750,0.0473,0.9689,0.0902,0.0493,0.01000,50.0000,8.0,0.9,14.89,139,bw 
0.1250,0.4036,0.1250,0.0973,0.9600,0.1767,0.1416,0.01000,50.0000,8.0,0.8,15.19,140,bw 
0.1325,0.3834,0.1325,0.0889,0.9061,0.1619,0.1260,0.01000,50.0000,8.0,0.7,15.40,134,bw 
0.2950,0.6115,0.2950,0.2102,0.9044,0.3411,0.3160,0.01000,50.0000,8.0,0.6,15.58,147,bw 
0.2875,0.6049,0.2875,0.2047,0.8383,0.3290,0.3038,0.01000,50.0000,8.0,0.5,15.79,150,bw 
0.3725,0.6593,0.3725,0.2505,0.7956,0.3810,0.3590,0.01000,50.0000,8.0,0.4,15.24,151,bw 
0.4725,0.7154,0.4750,0.3120,0.7628,0.4428,0.4244,0.01000,50.0000,8.0,0.3,15.27,147,bw 
0.4725,0.7005,0.4750,0.2774,0.6628,0.3911,0.3711,0.01000,50.0000,8.0,0.2,13.93,135,bw 
0.4875,0.7276,0.4875,0.3461,0.7728,0.4781,0.4613,0.01000,50.0000,8.0,0.1,16.78,151,bw 
0.0475,0.0305,0.0475,0.0227,0.4933,0.0434,0.0003,0.01000,100.0000,8.0,1.0,12.85,128,bw 
0.0250,-0.0000,0.0250,0.0226,1.0000,0.0441,0.0000,0.01000,100.0000,8.0,0.9,12.20,119,bw 
0.0250,-0.0000,0.0250,0.0226,1.0000,0.0441,0.0000,0.01000,100.0000,8.0,0.8,11.75,120,bw 
0.1250,0.3695,0.1250,0.0815,0.9150,0.1497,0.1130,0.01000,100.0000,8.0,0.7,14.20,143,bw 
0.1450,0.3415,0.1450,0.0664,0.8917,0.1235,0.0851,0.01000,100.0000,8.0,0.6,16.07,151,bw 
0.2350,0.5159,0.2350,0.1523,0.6189,0.2444,0.2160,0.01000,100.0000,8.0,0.5,11.92,120,bw 
0.2150,0.4754,0.2175,0.1213,0.6728,0.2055,0.1739,0.01000,100.0000,8.0,0.4,13.62,129,bw 
0.3375,0.6088,0.3375,0.1986,0.7006,0.3094,0.2843,0.01000,100.0000,8.0,0.3,14.21,151,bw 
0.3175,0.6348,0.3175,0.2322,0.8639,0.3661,0.3427,0.01000,100.0000,8.0,0.2,13.92,151,bw 
0.4200,0.6881,0.4225,0.2811,0.6744,0.3969,0.3770,0.01000,100.0000,8.0,0.1,13.53,149,bw 
0.8475,0.9231,0.8525,0.7554,0.8700,0.8087,0.8039,0.01000,0.0079,9.0,1.0,3.09,31,bw 
0.8625,0.9180,0.8650,0.7778,0.8422,0.8087,0.8042,0.01000,0.0079,9.0,0.9,2.74,28,bw 
0.7475,0.8653,0.7650,0.6325,0.7544,0.6881,0.6803,0.01000,0.0079,9.0,0.8,2.17,22,bw 
0.8925,0.9412,0.8975,0.8279,0.8739,0.8503,0.8467,0.01000,0.0079,9.0,0.7,1.63,15,bw 
0.8700,0.9264,0.8775,0.7958,0.8400,0.8173,0.8130,0.01000,0.0079,9.0,0.6,1.76,16,bw 
0.8225,0.9046,0.8350,0.7340,0.7956,0.7635,0.7578,0.01000,0.0079,9.0,0.5,1.39,13,bw 
0.8200,0.9046,0.8375,0.7553,0.7750,0.7650,0.7595,0.01000,0.0079,9.0,0.4,1.28,12,bw 
0.8250,0.8987,0.8400,0.7468,0.7700,0.7582,0.7525,0.01000,0.0079,9.0,0.3,1.30,11,bw 
0.6750,0.8104,0.6925,0.5532,0.5772,0.5650,0.5547,0.01000,0.0079,9.0,0.2,1.20,11,bw 
0.6050,0.7858,0.6425,0.4901,0.5217,0.5054,0.4936,0.01000,0.0079,9.0,0.1,0.95,8,bw 
0.9750,0.9906,0.9750,0.9474,1.0000,0.9730,0.9723,0.01000,0.0100,9.0,1.0,3.53,36,bw 
0.9675,0.9833,0.9675,0.9381,0.9594,0.9486,0.9474,0.01000,0.0100,9.0,0.9,3.03,31,bw 
0.8275,0.8923,0.8325,0.7280,0.7778,0.7521,0.7462,0.01000,0.0100,9.0,0.8,2.88,30,bw 
0.7575,0.8700,0.7725,0.6496,0.7561,0.6988,0.6914,0.01000,0.0100,9.0,0.7,2.33,24,bw 
0.7650,0.8703,0.7875,0.6715,0.7461,0.7068,0.6997,0.01000,0.0100,9.0,0.6,2.30,21,bw 
0.8850,0.9419,0.8950,0.8244,0.8789,0.8508,0.8472,0.01000,0.0100,9.0,0.5,1.72,17,bw 
0.8125,0.9001,0.8300,0.7305,0.7650,0.7474,0.7414,0.01000,0.0100,9.0,0.4,1.39,13,bw 
0.6825,0.8227,0.7000,0.5581,0.6194,0.5872,0.5771,0.01000,0.0100,9.0,0.3,1.29,12,bw 
0.7875,0.8833,0.8100,0.7027,0.7406,0.7211,0.7145,0.01000,0.0100,9.0,0.2,1.32,12,bw 
0.6475,0.8005,0.6650,0.5131,0.5533,0.5325,0.5213,0.01000,0.0100,9.0,0.1,1.10,10,bw 
0.6425,0.8116,0.6500,0.4817,0.7017,0.5712,0.5595,0.01000,0.1000,9.0,1.0,5.89,63,bw 
0.7200,0.8557,0.7350,0.5752,0.7078,0.6346,0.6253,0.01000,0.1000,9.0,0.9,5.77,61,bw 
0.7400,0.8637,0.7625,0.6070,0.7122,0.6554,0.6468,0.01000,0.1000,9.0,0.8,5.52,59,bw 
0.8050,0.8986,0.8175,0.7040,0.7611,0.7314,0.7250,0.01000,0.1000,9.0,0.7,5.27,56,bw 
1.0000,1.0000,1.0000,1.0000,1.0000,1.0000,1.0000,0.01000,0.1000,9.0,0.6,5.24,54,bw 
0.9750,0.9888,0.9750,0.9469,0.9900,0.9680,0.9672,0.01000,0.1000,9.0,0.5,4.96,51,bw 
1.0000,1.0000,1.0000,1.0000,1.0000,1.0000,1.0000,0.01000,0.1000,9.0,0.4,4.48,48,bw 
0.9750,0.9906,0.9750,0.9474,1.0000,0.9730,0.9723,0.01000,0.1000,9.0,0.3,4.25,45,bw 
0.9750,0.9906,0.9750,0.9474,1.0000,0.9730,0.9723,0.01000,0.1000,9.0,0.2,3.66,39,bw 
0.7525,0.8658,0.7625,0.6559,0.7328,0.6922,0.6847,0.01000,0.1000,9.0,0.1,2.82,29,bw 
0.3100,0.6306,0.3100,0.2242,0.8989,0.3589,0.3349,0.01000,1.0000,9.0,1.0,9.45,101,bw 
0.4075,0.6854,0.4100,0.2726,0.7928,0.4057,0.3851,0.01000,1.0000,9.0,0.9,9.80,106,bw 
0.5350,0.7643,0.5350,0.3864,0.7856,0.5180,0.5030,0.01000,1.0000,9.0,0.8,9.77,107,bw 
0.4975,0.7353,0.4975,0.3503,0.7767,0.4828,0.4662,0.01000,1.0000,9.0,0.7,9.89,108,bw 
0.5050,0.7419,0.5050,0.3433,0.7606,0.4730,0.4561,0.01000,1.0000,9.0,0.6,8.42,91,bw 
0.6050,0.7990,0.6250,0.4524,0.7178,0.5550,0.5423,0.01000,1.0000,9.0,0.5,7.27,80,bw 
0.7000,0.8302,0.7000,0.5186,0.7339,0.6078,0.5971,0.01000,1.0000,9.0,0.4,6.83,75,bw 
0.6825,0.8425,0.7000,0.5485,0.6628,0.6003,0.5901,0.01000,1.0000,9.0,0.3,6.59,73,bw 
0.6575,0.8361,0.6675,0.5326,0.6672,0.5924,0.5819,0.01000,1.0000,9.0,0.2,6.43,70,bw 
0.7875,0.8878,0.8025,0.6802,0.7267,0.7027,0.6956,0.01000,1.0000,9.0,0.1,6.17,67,bw 
0.2000,0.5095,0.2000,0.1444,0.9178,0.2495,0.2191,0.01000,5.0000,9.0,1.0,11.44,122,bw 
0.2050,0.5158,0.2050,0.1445,0.9228,0.2498,0.2194,0.01000,5.0000,9.0,0.9,11.43,123,bw 
0.4025,0.6735,0.4025,0.2595,0.8267,0.3951,0.3736,0.01000,5.0000,9.0,0.8,11.40,123,bw 
0.3450,0.6603,0.3475,0.2585,0.8872,0.4004,0.3787,0.01000,5.0000,9.0,0.7,11.41,124,bw 
0.3325,0.6067,0.3325,0.2071,0.7283,0.3225,0.2978,0.01000,5.0000,9.0,0.6,11.46,125,bw 
0.4675,0.7186,0.4675,0.3216,0.7433,0.4489,0.4310,0.01000,5.0000,9.0,0.5,11.79,122,bw 
0.4975,0.7328,0.4975,0.3333,0.6811,0.4476,0.4304,0.01000,5.0000,9.0,0.4,12.18,129,bw 
0.5900,0.7860,0.5900,0.4258,0.7156,0.5339,0.5203,0.01000,5.0000,9.0,0.3,9.33,102,bw 
0.5125,0.7416,0.5150,0.3474,0.6739,0.4584,0.4418,0.01000,5.0000,9.0,0.2,9.38,100,bw 
0.5625,0.7876,0.5800,0.4291,0.7311,0.5408,0.5273,0.01000,5.0000,9.0,0.1,8.04,88,bw 
0.1100,0.3394,0.1100,0.0773,0.8839,0.1421,0.1050,0.01000,10.0000,9.0,1.0,12.05,125,bw 
0.2000,0.5230,0.2000,0.1561,0.9156,0.2668,0.2374,0.01000,10.0000,9.0,0.9,11.44,119,bw 
0.2000,0.5303,0.2000,0.1562,0.9533,0.2684,0.2389,0.01000,10.0000,9.0,0.8,11.18,117,bw 
0.2825,0.5969,0.2825,0.2014,0.8856,0.3282,0.3026,0.01000,10.0000,9.0,0.7,12.52,133,bw 
0.3475,0.6480,0.3475,0.2425,0.8572,0.3780,0.3553,0.01000,10.0000,9.0,0.6,12.21,130,bw 
0.4550,0.7165,0.4625,0.3123,0.7689,0.4442,0.4257,0.01000,10.0000,9.0,0.5,12.60,131,bw 
0.4700,0.7198,0.4750,0.3252,0.7233,0.4487,0.4309,0.01000,10.0000,9.0,0.4,11.97,135,bw 
0.5250,0.7557,0.5250,0.3874,0.7456,0.5099,0.4949,0.01000,10.0000,9.0,0.3,12.04,136,bw 
0.4600,0.7119,0.4600,0.3202,0.6672,0.4327,0.4149,0.01000,10.0000,9.0,0.2,9.60,107,bw 
0.5200,0.7322,0.5200,0.3310,0.7289,0.4552,0.4378,0.01000,10.0000,9.0,0.1,10.42,117,bw 
0.0375,0.0093,0.0375,0.0218,0.4839,0.0417,-0.0015,0.01000,50.0000,9.0,1.0,11.21,120,bw 
0.0250,-0.0000,0.0250,0.0226,1.0000,0.0441,0.0000,0.01000,50.0000,9.0,0.9,10.98,114,bw 
0.0900,0.1760,0.0900,0.0346,0.7850,0.0663,0.0242,0.01000,50.0000,9.0,0.8,11.80,129,bw 
0.0500,0.0683,0.0500,0.0260,0.9861,0.0506,0.0069,0.01000,50.0000,9.0,0.7,12.03,133,bw 
0.0925,0.2585,0.0925,0.0526,0.9389,0.0996,0.0594,0.01000,50.0000,9.0,0.6,13.53,151,bw 
0.1725,0.4793,0.1725,0.1299,0.9317,0.2280,0.1962,0.01000,50.0000,9.0,0.5,13.54,151,bw 
0.2100,0.4823,0.2100,0.1224,0.8189,0.2129,0.1808,0.01000,50.0000,9.0,0.4,13.45,151,bw 
0.3400,0.6292,0.3400,0.2136,0.8178,0.3388,0.3143,0.01000,50.0000,9.0,0.3,13.40,150,bw 
0.3250,0.6084,0.3250,0.2081,0.6689,0.3175,0.2931,0.01000,50.0000,9.0,0.2,9.86,110,bw 
0.3650,0.6650,0.3700,0.2540,0.7967,0.3852,0.3635,0.01000,50.0000,9.0,0.1,12.50,142,bw 
0.0250,-0.0000,0.0250,0.0226,1.0000,0.0441,0.0000,0.01000,100.0000,9.0,1.0,11.38,123,bw 
0.0250,-0.0000,0.0250,0.0226,1.0000,0.0441,0.0000,0.01000,100.0000,9.0,0.9,10.91,116,bw 
0.0375,0.0198,0.0375,0.0230,0.6856,0.0444,0.0008,0.01000,100.0000,9.0,0.8,11.38,123,bw 
0.0550,0.0480,0.0550,0.0246,0.4672,0.0467,0.0040,0.01000,100.0000,9.0,0.7,11.07,121,bw 
0.0750,0.1348,0.0750,0.0302,0.9406,0.0585,0.0155,0.01000,100.0000,9.0,0.6,12.98,143,bw 
0.1000,0.2303,0.1000,0.0424,0.8928,0.0810,0.0396,0.01000,100.0000,9.0,0.5,12.70,140,bw 
0.1250,0.3635,0.1250,0.0806,0.8839,0.1478,0.1110,0.01000,100.0000,9.0,0.4,11.72,129,bw 
0.1350,0.3797,0.1350,0.0878,0.7956,0.1581,0.1224,0.01000,100.0000,9.0,0.3,11.02,122,bw 
0.2725,0.5693,0.2725,0.1818,0.7861,0.2953,0.2685,0.01000,100.0000,9.0,0.2,13.42,151,bw 
0.2875,0.5977,0.2875,0.2070,0.8122,0.3299,0.3049,0.01000,100.0000,9.0,0.1,13.30,150,bw 
0.9250,0.9639,0.9375,0.8855,0.9150,0.9000,0.8977,0.01000,0.0079,10.0,1.0,3.24,35,bw 
0.9850,0.9913,0.9850,0.9671,0.9811,0.9741,0.9735,0.01000,0.0079,10.0,0.9,3.09,33,bw 
0.9775,0.9911,0.9775,0.9522,0.9950,0.9731,0.9725,0.01000,0.0079,10.0,0.8,2.91,31,bw 
1.0000,1.0000,1.0000,1.0000,1.0000,1.0000,1.0000,0.01000,0.0079,10.0,0.7,2.72,29,bw 
0.9775,0.9856,0.9775,0.9554,0.9650,0.9602,0.9593,0.01000,0.0079,10.0,0.6,2.23,23,bw 
0.7450,0.8639,0.7650,0.6323,0.7556,0.6884,0.6806,0.01000,0.0079,10.0,0.5,1.41,14,bw 
0.8475,0.9248,0.8625,0.7798,0.8322,0.8052,0.8005,0.01000,0.0079,10.0,0.4,1.44,14,bw 
0.6800,0.8159,0.6975,0.5404,0.5989,0.5681,0.5576,0.01000,0.0079,10.0,0.3,1.08,10,bw 
0.5775,0.7674,0.6000,0.4554,0.5128,0.4824,0.4697,0.01000,0.0079,10.0,0.2,0.91,8,bw 
0.4625,0.6656,0.4900,0.3103,0.3239,0.3169,0.3008,0.01000,0.0079,10.0,0.1,0.75,6,bw 
0.9350,0.9585,0.9375,0.8783,0.9061,0.8920,0.8895,0.01000,0.0100,10.0,1.0,3.41,37,bw 
1.0000,1.0000,1.0000,1.0000,1.0000,1.0000,1.0000,0.01000,0.0100,10.0,0.9,3.34,36,bw 
0.9925,0.9933,0.9925,0.9839,0.9850,0.9845,0.9841,0.01000,0.0100,10.0,0.8,3.06,33,bw 
1.0000,1.0000,1.0000,1.0000,1.0000,1.0000,1.0000,0.01000,0.0100,10.0,0.7,2.90,31,bw 
0.9750,0.9906,0.9750,0.9474,1.0000,0.9730,0.9723,0.01000,0.0100,10.0,0.6,2.52,27,bw 
0.9750,0.9906,0.9750,0.9474,1.0000,0.9730,0.9723,0.01000,0.0100,10.0,0.5,2.25,23,bw 
0.7350,0.8652,0.7600,0.6330,0.7244,0.6756,0.6676,0.01000,0.0100,10.0,0.4,1.53,15,bw 
0.6950,0.8311,0.7100,0.5656,0.6589,0.6087,0.5989,0.01000,0.0100,10.0,0.2,1.26,12,bw 
0.5825,0.7671,0.6125,0.4540,0.5100,0.4804,0.4677,0.01000,0.0100,10.0,0.1,0.93,8,bw 
0.5450,0.7664,0.5450,0.4018,0.7889,0.5324,0.5180,0.01000,0.1000,10.0,1.0,5.88,65,bw 
0.4825,0.7438,0.4825,0.3677,0.8556,0.5144,0.4985,0.01000,0.1000,10.0,0.9,5.77,64,bw 
0.6225,0.8094,0.6250,0.4829,0.7856,0.5981,0.5866,0.01000,0.1000,10.0,0.8,5.47,61,bw 
0.6175,0.8046,0.6225,0.4585,0.7389,0.5658,0.5534,0.01000,0.1000,10.0,0.7,5.42,60,bw 
0.6900,0.8321,0.7000,0.5246,0.6994,0.5995,0.5889,0.01000,0.1000,10.0,0.6,5.07,55,bw 
0.6900,0.8323,0.6950,0.5396,0.6661,0.5962,0.5859,0.01000,0.1000,10.0,0.5,4.67,52,bw 
0.6525,0.8343,0.6875,0.5287,0.6294,0.5747,0.5640,0.01000,0.1000,10.0,0.4,4.55,50,bw 
0.9825,0.9844,0.9825,0.9639,0.9650,0.9645,0.9636,0.01000,0.1000,10.0,0.3,4.36,48,bw 
0.9800,0.9903,0.9800,0.9604,0.9833,0.9717,0.9711,0.01000,0.1000,10.0,0.2,4.16,46,bw 
0.9450,0.9750,0.9450,0.8900,0.9800,0.9328,0.9312,0.01000,0.1000,10.0,0.1,3.66,40,bw 
0.2125,0.4913,0.2125,0.1328,0.8244,0.2288,0.1976,0.01000,1.0000,10.0,1.0,9.10,101,bw 
0.2600,0.5134,0.2600,0.1211,0.8800,0.2130,0.1805,0.01000,1.0000,10.0,0.9,9.49,106,bw 
0.2500,0.5829,0.2500,0.1972,0.9083,0.3241,0.2980,0.01000,1.0000,10.0,0.8,8.91,100,bw 
0.3500,0.6522,0.3500,0.2415,0.8567,0.3767,0.3540,0.01000,1.0000,10.0,0.7,9.38,105,bw 
0.4400,0.7050,0.4400,0.3176,0.8256,0.4587,0.4405,0.01000,1.0000,10.0,0.6,8.70,96,bw 
0.4050,0.6947,0.4050,0.2957,0.8289,0.4359,0.4165,0.01000,1.0000,10.0,0.5,8.24,92,bw 
0.4950,0.7393,0.4950,0.3578,0.7700,0.4885,0.4723,0.01000,1.0000,10.0,0.4,7.93,89,bw 
0.5025,0.7361,0.5025,0.3342,0.7783,0.4676,0.4503,0.01000,1.0000,10.0,0.3,6.77,76,bw 
0.5775,0.7778,0.5950,0.4092,0.6556,0.5038,0.4897,0.01000,1.0000,10.0,0.2,8.12,91,bw 
0.6575,0.8181,0.6575,0.4894,0.7289,0.5856,0.5741,0.01000,1.0000,10.0,0.1,6.18,69,bw 
0.0325,0.0130,0.0325,0.0225,0.8717,0.0439,-0.0001,0.01000,5.0000,10.0,1.0,8.84,96,bw 
0.1250,0.4017,0.1250,0.0973,0.9544,0.1766,0.1414,0.01000,5.0000,10.0,0.9,10.21,113,bw 
0.1700,0.4045,0.1700,0.0867,0.8611,0.1575,0.1215,0.01000,5.0000,10.0,0.8,10.10,112,bw 
0.1750,0.4923,0.1750,0.1351,0.9506,0.2366,0.2052,0.01000,5.0000,10.0,0.7,10.06,112,bw 
0.3575,0.6229,0.3575,0.2184,0.7494,0.3382,0.3142,0.01000,5.0000,10.0,0.6,11.19,126,bw 
0.3050,0.5630,0.3050,0.1730,0.7328,0.2799,0.2526,0.01000,5.0000,10.0,0.5,10.65,121,bw 
0.4125,0.6813,0.4200,0.2700,0.7433,0.3961,0.3754,0.01000,5.0000,10.0,0.4,10.74,122,bw 
0.4925,0.7272,0.4950,0.3381,0.7200,0.4601,0.4430,0.01000,5.0000,10.0,0.3,10.14,115,bw 
0.3675,0.6654,0.3675,0.2696,0.8372,0.4079,0.3870,0.01000,5.0000,10.0,0.2,10.78,122,bw 
0.3900,0.6760,0.3900,0.2746,0.8194,0.4113,0.3907,0.01000,5.0000,10.0,0.1,11.66,131,bw 
0.0500,0.0503,0.0500,0.0278,0.6144,0.0532,0.0105,0.01000,10.0000,10.0,1.0,9.24,92,bw 
0.0475,0.0388,0.0475,0.0265,0.5861,0.0507,0.0079,0.01000,10.0000,10.0,0.9,9.48,99,bw 
0.0250,-0.0000,0.0250,0.0226,1.0000,0.0441,0.0000,0.01000,10.0000,10.0,0.8,9.92,99,bw 
0.1500,0.4275,0.1500,0.1167,0.8694,0.2057,0.1728,0.01000,10.0000,10.0,0.7,11.91,134,bw 
0.1800,0.4238,0.1800,0.0953,0.8300,0.1710,0.1360,0.01000,10.0000,10.0,0.6,11.72,130,bw 
0.2750,0.5641,0.2775,0.1735,0.7250,0.2800,0.2528,0.01000,10.0000,10.0,0.5,10.50,116,bw 
0.3300,0.6224,0.3300,0.2183,0.8244,0.3452,0.3209,0.01000,10.0000,10.0,0.4,12.00,136,bw 
0.3750,0.6673,0.3750,0.2644,0.8011,0.3976,0.3764,0.01000,10.0000,10.0,0.3,11.37,128,bw 
0.3350,0.5836,0.3400,0.1792,0.5811,0.2740,0.2480,0.01000,10.0000,10.0,0.2,12.16,137,bw 
0.4725,0.7272,0.4750,0.3311,0.7633,0.4618,0.4444,0.01000,10.0000,10.0,0.1,10.24,116,bw 
0.0375,0.0096,0.0375,0.0219,0.5167,0.0420,-0.0014,0.01000,50.0000,10.0,1.0,11.00,120,bw 
0.0500,0.0353,0.0500,0.0238,0.5061,0.0454,0.0024,0.01000,50.0000,10.0,0.9,10.94,119,bw 
0.0475,0.0368,0.0475,0.0258,0.5711,0.0494,0.0065,0.01000,50.0000,10.0,0.8,9.69,104,bw 
0.0500,0.0723,0.0500,0.0263,0.9744,0.0512,0.0076,0.01000,50.0000,10.0,0.7,12.03,132,bw 
0.0400,0.0190,0.0400,0.0235,0.5217,0.0449,0.0018,0.01000,50.0000,10.0,0.6,10.09,109,bw 
0.1000,0.3272,0.1000,0.0702,0.9667,0.1309,0.0928,0.01000,50.0000,10.0,0.5,12.45,137,bw 
0.0900,0.2094,0.0900,0.0490,0.6133,0.0908,0.0511,0.01000,50.0000,10.0,0.4,10.22,112,bw 
0.1175,0.3153,0.1175,0.0729,0.6644,0.1314,0.0946,0.01000,50.0000,10.0,0.3,10.70,119,bw 
0.1675,0.4260,0.1675,0.0989,0.8228,0.1766,0.1421,0.01000,50.0000,10.0,0.2,13.15,149,bw 
0.1750,0.4271,0.1750,0.0950,0.8294,0.1704,0.1354,0.01000,50.0000,10.0,0.1,13.26,151,bw 
0.0250,-0.0000,0.0250,0.0226,1.0000,0.0441,0.0000,0.01000,100.0000,10.0,1.0,12.04,132,bw 
0.0250,-0.0000,0.0250,0.0226,1.0000,0.0441,0.0000,0.01000,100.0000,10.0,0.9,11.64,124,bw 
0.0250,-0.0000,0.0250,0.0226,1.0000,0.0441,0.0000,0.01000,100.0000,10.0,0.8,11.24,122,bw 
0.0750,0.2518,0.0750,0.0538,0.9617,0.1020,0.0619,0.01000,100.0000,10.0,0.7,13.22,145,bw 
0.0500,0.0520,0.0500,0.0280,0.6244,0.0536,0.0109,0.01000,100.0000,10.0,0.6,10.58,116,bw 
0.0500,0.1792,0.0500,0.0441,0.9750,0.0844,0.0431,0.01000,100.0000,10.0,0.5,13.35,149,bw 
0.0750,0.2553,0.0750,0.0549,0.9761,0.1039,0.0639,0.01000,100.0000,10.0,0.4,12.78,142,bw 
0.0650,0.1707,0.0650,0.0394,0.8961,0.0754,0.0336,0.01000,100.0000,10.0,0.3,12.03,134,bw 
0.1000,0.3336,0.1000,0.0778,0.9028,0.1432,0.1061,0.01000,100.0000,10.0,0.2,13.77,151,bw 
0.2475,0.4864,0.2475,0.1169,0.7494,0.2023,0.1699,0.01000,100.0000,10.0,0.1,13.38,151,bw 
